name,x_center,y_center,width,height,label,score,d3_separation,is_truncated_left,is_truncated_right,is_truncated_bot,width_world_estimation,height_world_estimation,sublabel,x_l,y_lt,y_lb,x_s,y_st,y_sb,x_r,y_rt,y_rb,x_b,y_bt,y_bb,is_matched_to_artificial_detection,is_artificial,ttc,z_center_world,width_world,velocity_z,age,class_left_id,sf_confirmed,x_center_world,height_world,confirmed,class_right_id,from_cametra,pyramid,velocity_x,is_in_path,level,origin,l_label,r_label,rel_vx_est,rel_vz_est,rel_az_est,angle_est,angle_rate_est,in_path,rw_l_x,rw_l_y,rw_l_z,rw_r_x,rw_r_y,rw_r_z,rw_s_x,rw_s_y,rw_s_z,rw_b_x,rw_b_y,rw_b_z,rw_kinematic_point_x,rw_kinematic_point_y,rw_kinematic_point_z,id,time_sec
RGB_P4_721898364.png,795.4489,199.92983,193.70972,138.37756000000002,2,99.99835,698.5940400000001,False,True,True,2.8384400000000003,2.0156,car,698.5940400000001,130.74105,269.11861,892.30376,130.74105,269.11861,892.30376,130.74105,269.11861,698.5940400000001,130.74105,269.11861,False,False,None,0,0,0,10,1,1,0,0,True,1,0,5,0,0,8,2,1,1,0.0,0.0,0.0,34.9,63.422740000000005,False,3.7819599999999998,0.0008,3.3277900000000002,6.6204,0.0008,3.3277900000000002,6.6204,0.0008,3.3277900000000002,3.7819599999999998,0.0008,3.3277900000000002,5.20118,0.0008,3.3277900000000002,231,0.0
RGB_P4_721841185.png,763.17067,198.63583,265.65867000000003,138.80671,2,99.53408,630.34133,False,True,True,3.9439599999999997,2.04603,car,630.34133,129.23248,268.03918999999996,896.27304,129.23248,268.03918999999996,896.27304,129.23248,268.03918999999996,630.34133,129.23248,268.03918999999996,False,False,None,0,0,0,9,1,1,0,0,True,2,0,5,0,0,5,2,2,2,0.0,0.0,0.0,31.67148,60.306999999999995,False,2.81426,0.0008,3.3836199999999996,6.75822,0.0008,3.3836199999999996,6.75822,0.0008,3.3836199999999996,2.81426,0.0008,3.3836199999999996,4.78624,0.0008,3.3836199999999996,231,0.06
RGB_P4_721784622.png,714.81604,210.41407,334.70041000000003,118.78943000000001,2,89.56139,547.46583,False,False,True,4.86709,1.72098,car,547.46583,151.01935,269.80877999999996,882.16625,151.01935,269.80877999999996,882.16625,151.01935,269.80877999999996,547.46583,151.01935,269.80877999999996,False,False,None,0,0,0,8,1,1,0,0,True,2,0,5,0,0,5,2,2,2,0.0,0.0,0.0,26.800720000000002,53.47266,False,1.55639,0.0008,3.29279,6.4234800000000005,0.0008,3.29279,6.4234800000000005,0.0008,3.29279,1.55639,0.0008,3.29279,3.9899400000000003,0.0008,3.29279,231,0.12
RGB_P4_721718762.png,631.16058,217.54767,117.38141,78.01374,2,99.90274000000001,572.46987,False,False,False,2.38532,1.66136,car,572.46987,179.96143999999998,247.75329,689.85128,178.5408,256.55455,655.3816099999999,182.94777,231.48762999999997,581.46799,183.49605,227.87265,False,False,0.50098,0,0,0,7,2,1,0,0,True,2,0,5,0,0,8,2,2,2,-0.95299,-14.24649,1.95974,18.39783,42.78805,True,3.1619,-0.36389,6.41491,7.209219999999999,-0.4745,9.46294,5.26382,-0.33093,5.407719999999999,5.1073,-0.50747,10.470130000000001,4.07169,-0.33093,5.4433300000000004,231,0.18
RGB_P4_721663440.png,586.24085,207.57698,91.67753,63.399680000000004,2,99.99625,540.40208,False,False,False,2.33278,1.6633,car,540.40208,176.99768999999998,234.97,632.07962,175.87714,239.27682000000001,607.25129,180.74182,222.58007999999998,546.35215,181.21818000000002,220.62204,False,False,0.73402,0,0,0,6,2,1,0,0,True,2,0,5,0,0,5,2,2,2,-0.6068100000000001,-11.690669999999999,2.21659,13.8858,36.60264,True,2.76336,-0.28522,7.73605,6.44378,-0.41084,11.20565,4.944,-0.26100999999999996,6.96558,4.26313,-0.43504,11.97613,3.7783300000000004,-0.26100999999999996,7.00672,231,0.24
RGB_P4_721598818.png,546.4142,198.52201000000002,71.24643,54.105740000000004,2,99.96287,510.79098,False,False,False,2.20142,1.6944099999999997,car,510.79098,172.44558,223.5157,582.03742,171.46913,225.57487999999998,567.53975,177.18583999999998,214.72234,517.79199,177.64731,213.69722000000002,False,False,1.19949,0,0,0,5,2,1,0,0,True,2,0,5,0,0,5,2,2,2,-0.31285,-8.5159,1.8733099999999998,9.88535,30.867340000000002,True,2.1960900000000003,-0.15687,9.15672,5.51048,-0.29128000000000004,12.90803,4.3137,-0.1387,8.57278,3.3928599999999998,-0.30945,13.491970000000002,3.21347,-0.1387,8.60573,231,0.3
RGB_P4_721544737.png,524.58328,194.23513,71.05405,54.7773,2,99.88178,489.05625,False,False,False,2.20142,1.6944099999999997,car,489.05625,168.02896,220.01802,560.1103,166.84646999999998,221.62377999999998,549.10172,174.05369,211.82122,499.68043,174.62365,211.04443999999998,False,False,None,0,0,0,4,2,1,0,0,True,2,0,5,0,0,5,2,2,2,0.0,0.0,0.0,7.69252,28.703809999999997,False,1.45055,-0.01735,8.98211,4.65114,-0.15175,12.83098,3.5847,0.00082,8.461839999999999,2.5169900000000003,-0.16992000000000002,13.35126,2.4839700000000002,0.00082,8.461839999999999,231,0.36
RGB_P4_721481355.png,503.78002000000004,193.48179,59.36283,46.9745,2,99.93424,474.09860999999995,False,False,False,2.06454,1.63166,car,474.09860999999995,170.63876000000002,216.10496,533.46144,169.99454,216.96903999999998,524.89931,175.7885,209.18726,482.46822000000003,176.11666,208.74582,False,False,None,0,0,0,3,2,1,0,0,True,2,0,5,0,0,5,2,2,2,0.0,0.0,0.0,5.6029,25.73696,False,1.04806,-0.011590000000000001,10.0164,3.87048,-0.15359,14.08293,3.0833,0.00103,9.65502,1.8352400000000002,-0.16621,14.44431,2.05093,0.00103,9.65502,231,0.42
RGB_P4_721294930.png,459.46015,193.53735,38.77491,30.685909999999996,2,94.54496999999999,440.07269,False,False,False,1.7159900000000001,1.40403,car,440.07269,178.2099,208.80237,478.8476,178.1944,208.8803,473.34449000000006,181.016,204.38128,443.80205,181.02125,204.33231,False,False,0.75238,0,0,0,99,2,1,0,0,True,2,0,3,0,0,3,2,2,2,-0.55088,-21.60729,-2.13899,1.15113,2.516,True,-0.25408000000000003,-0.0463,13.15213,1.6335600000000001,-0.20274,17.60412,1.52242,-0.0457,13.108229999999999,-0.14294,-0.20334000000000002,17.64801,0.63434,-0.0457,13.1217,219,0.48
RGB_P4_721234029.png,451.00305999999995,192.83657,35.227140000000006,28.50572,2,94.29811,433.38949,False,False,False,1.7235,1.43763,car,433.38949,178.58371,207.07914,468.61663,178.59056999999999,207.08944,464.13293,181.11971,203.31045,436.69517,181.11413000000002,203.30279,False,False,0.82767,0,0,0,98,1,1,0,0,True,2,0,3,0,0,5,2,2,2,-0.22825,-21.28335,-2.0699099999999997,0.30165,1.15727,True,-0.62761,-0.09494,14.5824,1.15557,-0.25233,19.07771,1.15069,-0.09529,14.58046,-0.62273,-0.25198000000000004,19.07965,0.26137,-0.09494,14.57645,219,0.54
RGB_P4_721178707.png,446.23787000000004,191.53631000000001,33.34166,26.10064,2,92.34544,429.56704,False,False,False,1.70564,1.43246,car,429.56704,178.48599,204.58663,462.9087,178.50343999999998,204.57066,459.04474000000005,180.88549,201.55845,432.59877,180.87408,201.56805,False,False,0.90362,0,0,0,97,2,1,0,0,True,1,0,3,0,0,3,2,2,2,-0.08841,-20.9091,-1.9911299999999998,-0.177,0.45537,True,-0.9023200000000001,-0.08242000000000001,15.976070000000002,0.87561,-0.24036999999999997,20.49505,0.9298200000000001,-0.08334,15.998120000000002,-0.95652,-0.23945,20.473,0.0133,-0.08242000000000001,15.97396,219,0.6
RGB_P4_721119046.png,443.49174000000005,190.68819,30.909709999999997,23.8691,2,92.06470999999999,428.03689,False,False,False,1.70262,1.43713,car,428.03689,178.75364,202.62274,458.9466,178.77468000000002,202.60003,455.72488,180.93288,200.18267,430.74927,180.91908999999998,200.19744,False,False,1.00308,0,0,0,96,2,1,0,0,True,1,0,3,0,0,3,2,2,2,-0.04152,-20.35512,-1.85275,-0.45283999999999996,0.94516,True,-1.0927200000000001,-0.10024,17.64955,0.68694,-0.25849,22.1807,0.77071,-0.10147,17.68422,-1.17649,-0.25726,22.14603,-0.16147999999999998,-0.10024,17.64921,219,0.6599999999999999
RGB_P4_721060004.png,442.03664000000003,190.17991,29.001520000000003,22.24045,2,90.69008000000001,427.53587999999996,False,False,False,1.6993099999999999,1.4382,car,427.53587999999996,179.05968000000001,201.30013,456.5374,179.08023,201.2795,453.8524,181.06091,199.23768,430.10461,181.04711,199.25146999999998,False,False,1.08126,0,0,0,95,2,1,0,0,True,1,0,3,0,0,3,2,2,2,-0.03411,-20.06754,-1.79807,-0.599,1.42254,True,-1.21414,-0.1198,19.04955,0.57324,-0.27815,23.58353,0.6634399999999999,-0.12113,19.08717,-1.30434,-0.27681999999999995,23.54591,-0.2758,-0.1198,19.0493,219,0.72
RGB_P4_721001583.png,441.62314000000003,190.28037,26.28603,21.03797,2,89.81428000000001,428.48013,False,False,False,1.7023700000000002,1.44623,car,428.48013,179.76138,200.79935,454.76615999999996,179.77813999999998,200.7823,452.56332000000003,181.54152,198.92581,430.80627999999996,181.53001,198.93745,False,False,1.15074,0,0,0,94,1,1,0,0,True,2,0,3,0,0,5,2,2,2,-0.028860000000000004,-19.87728,-1.78719,-0.64053,0.9996200000000001,True,-1.23258,-0.17605,20.327820000000003,0.48976000000000003,-0.3343,24.85895,0.57612,-0.17728,20.36252,-1.31894,-0.33307,24.82425,-0.32861,-0.17605,20.32754,219,0.78
RGB_P4_720933861.png,441.87435999999997,188.9485,25.86713,19.62396,2,78.97206,428.9408,False,False,False,1.6998900000000001,1.4442700000000002,car,428.9408,179.13652,198.76048,454.80792,179.15422,198.74653999999998,452.70089,180.92162,197.32381999999998,431.04415,180.90919,197.33357,False,False,1.23684,0,0,0,93,2,1,0,0,True,1,0,3,0,0,3,2,2,2,-0.02279,-19.62005,-1.75735,-0.6153,1.3691799999999998,True,-1.29354,-0.13172999999999999,21.8567,0.52409,-0.29006,26.39037,0.61215,-0.13304000000000002,21.89397,-1.3816,-0.28875,26.35309,-0.34107,-0.13172999999999999,21.85652,219,0.84
RGB_P4_720876679.png,441.79585,189.40618,25.95423,18.2975,2,89.40517,428.81872999999996,False,False,False,1.70113,1.44631,car,428.81872999999996,180.25743,198.55493,454.77295999999996,180.27303999999998,198.54145,452.81030999999996,181.76565,197.23301,430.83466,181.75445,197.24266,False,False,1.34864,0,0,0,92,2,1,0,0,True,1,0,3,0,0,3,2,2,2,-0.01926,-19.12849,-1.63394,-0.6231800000000001,1.5336100000000001,True,-1.40689,-0.22274000000000002,23.56294,0.55994,-0.38115,28.098840000000003,0.64647,-0.22413000000000002,23.60241,-1.49342,-0.37976,28.05937,-0.38059,-0.22274000000000002,23.562820000000002,219,0.8999999999999999
RGB_P4_720820118.png,441.92427999999995,188.61172,24.37017,17.047179999999997,2,88.30344000000001,429.73919000000006,False,False,False,1.70097,1.44746,car,429.73919000000006,180.08813,197.13531,454.10937,180.10278,197.12496000000002,452.37314000000003,181.53173,196.09792,431.51804000000004,181.52098999999998,196.10549,False,False,1.47744,0,0,0,91,2,1,0,0,True,1,0,3,0,0,3,2,2,2,-0.01712,-18.576810000000002,-1.49965,-0.61028,1.53302,True,-1.44127,-0.21670999999999999,25.4072,0.54471,-0.37511,29.942790000000002,0.62976,-0.21809,25.44633,-1.5263200000000001,-0.37373,29.90366,-0.4061,-0.21670999999999999,25.40708,219,0.96
RGB_P4_720754256.png,442.02675999999997,187.84762,19.69268,16.28805,2,86.06036,432.18042,False,False,False,1.6969999999999998,1.4468,car,432.18042,179.7036,195.99165,451.8731,179.71486000000002,195.98528000000002,450.58427,181.14379,195.15503,433.62460999999996,181.13541999999998,195.15974,False,False,1.54747,0,0,0,90,0,1,0,0,True,0,0,2,0,0,3,2,2,2,-0.01488,-18.46709,-1.48407,-0.5999899999999999,0.70308,True,-1.2959399999999999,-0.18609,26.640629999999998,0.37695,-0.34417,31.167409999999997,0.45458999999999994,-0.18715,26.670820000000003,-1.3735700000000002,-0.34310999999999997,31.137220000000003,-0.4209,-0.18609,26.640490000000003,219,1.02
RGB_P4_720698934.png,442.53069000000005,188.76001000000002,22.31092,15.8983,2,92.51623000000001,431.37523,False,False,False,1.7004700000000001,1.44823,car,431.37523,180.81085,196.70916,453.68615,180.82355,196.70022,452.09830999999997,182.07076,195.79093,432.81685999999996,182.06127,195.79758999999999,False,False,1.57579,0,0,0,89,2,1,0,0,True,1,0,3,0,0,3,2,2,2,-0.01187,-18.55271,-1.52071,-0.54937,0.47968,True,-1.40503,-0.28969,27.34638,0.54272,-0.44809,31.88175,0.62889,-0.29107,27.38532,-1.4912100000000001,-0.44671000000000005,31.84282,-0.38835,-0.28969,27.34615,219,1.08
RGB_P4_720634313.png,441.9134,187.53295,18.22626,14.731329999999998,2,85.65725,432.80027,False,False,False,1.699,1.4487700000000001,car,432.80027,180.16728999999998,194.89862,451.02653,180.17734,194.89383999999998,449.95045999999996,181.42665,194.27228,434.04013,181.41898,194.27591,False,False,1.74514,0,0,0,88,2,1,0,0,True,2,0,2,0,0,3,2,2,2,-0.00774,-17.88975,-1.4078600000000001,-0.61138,0.04807,True,-1.38555,-0.23994000000000001,29.629920000000002,0.33005,-0.39805999999999997,34.1576,0.40809,-0.24104,29.661009999999997,-1.46359,-0.39696,34.126509999999996,-0.48888000000000004,-0.23994000000000001,29.629720000000002,219,1.14
RGB_P4_720580232.png,432.6699,187.12729,17.585179999999998,14.08784,2,88.23265,441.31660999999997,False,False,False,1.699,1.4487700000000001,car,423.87730999999997,180.08336,194.17121,441.31660999999997,180.09305,194.16722,441.46249000000006,181.30473,193.65823999999998,426.15514,181.29727,193.66131000000001,True,False,1.84591,0,0,0,87,2,1,0,0,True,2,0,2,0,0,3,2,2,2,-0.00533,-17.58473,-1.35981,-1.53985,-0.46746000000000004,True,-2.37195,-0.23640999999999998,31.04243,-0.6569699999999999,-0.39453,35.57033,-0.57831,-0.23751,31.073759999999996,-2.4506099999999997,-0.39343,35.539,-1.47528,-0.23640999999999998,31.04235,219,1.2
RGB_P4_720516849.png,433.14696,186.85818999999998,16.97407,13.619489999999999,2,88.23265,441.51919000000004,False,False,False,1.699,1.4487700000000001,car,424.65992,180.04845,193.66794,441.51919000000004,180.05784,193.66449,441.63399000000004,181.23817,193.23002,426.77534,181.23088,193.2327,True,False,1.90902,0,0,0,86,2,1,0,0,True,2,0,2,0,0,3,2,2,2,-0.00402,-17.50485,-1.3819299999999999,-1.49194,-0.5468,True,-2.3740200000000002,-0.23640999999999998,32.15423,-0.65937,-0.39453,36.68227,-0.58039,-0.23751,32.1857,-2.45301,-0.39343,36.6508,-1.47735,-0.23640999999999998,0.0,219,1.26
RGB_P4_720454089.png,442.48395,187.15909,17.49155,13.1906,2,88.23265,433.73818,False,False,False,1.6997,1.4493200000000002,car,433.73818,180.56378,193.75439,451.22972999999996,180.57301999999999,193.75093,450.23252,181.66064,193.31873000000002,434.75728,181.6534,193.32142,False,False,1.97252,0,0,0,85,2,1,0,0,True,2,0,2,0,0,3,2,2,2,-0.0038399999999999997,-17.42204,-1.3954600000000001,-0.55407,-0.12158,True,-1.45771,-0.29703,33.25056,0.38763000000000003,-0.45523,37.78035,0.46536000000000005,-0.29821,33.28376,-1.53544,-0.45406,37.74715,-0.4963,-0.29703,33.25032,219,1.3199999999999998
RGB_P4_720391948.png,434.41195,186.48972,16.45594,12.404160000000001,2,89.51567,426.18397999999996,False,False,False,1.6997,1.4493200000000002,car,426.18397999999996,180.28763999999998,192.6918,442.63992,180.29658,192.68948,442.63131,181.35658,192.39603,427.97225999999995,181.34947,192.39786999999998,True,False,None,0,0,0,84,2,1,0,0,True,2,0,2,0,0,3,2,2,2,-0.0030800000000000003,-16.77758,-1.29172,-1.36487,-0.66765,False,-2.44022,-0.27547,35.44216,-0.59508,-0.43367,39.97203,-0.5171399999999999,-0.27665,35.47545,-2.51815,-0.4325,39.93874,-1.4788,-0.27547,35.441959999999995,219,1.38
RGB_P4_720330429.png,434.74832000000004,186.2864,16.007089999999998,12.06594,2,89.51567,426.74478,False,False,False,1.6997,1.4493200000000002,car,426.74478,180.25343,192.31937,442.75185999999997,180.26215,192.31736,442.72762,181.29997,192.07068,428.4258,181.29301,192.07228,True,False,None,0,0,0,83,2,1,0,0,True,2,0,2,0,0,3,2,2,2,-0.00112,-16.695870000000003,-1.2837,-1.3310799999999998,-0.42881,False,-2.4443200000000003,-0.27547,36.47181,-0.5997100000000001,-0.43367,41.0019,-0.52125,-0.27665,36.505320000000005,-2.52278,-0.4325,40.968379999999996,-1.4829,-0.27547,36.47172,219,1.44
RGB_P4_720269526.png,435.0676,186.09665,15.58818,11.75029,2,89.51567,427.27351,False,False,False,1.6997,1.4493200000000002,car,427.27351,180.22151000000002,191.9718,442.86169,180.23002,191.97008,442.82359,181.24685,191.76528000000002,428.85711,181.24002,191.76666,True,False,None,0,0,0,82,2,1,0,0,True,2,0,2,0,0,3,2,2,2,0.00041,-16.61771,-1.28292,-1.29901,-0.55476,False,-2.4477,-0.27547,37.48624,-0.60351,-0.43367,42.0165,-0.52463,-0.27665,37.51993,-2.52658,-0.4325,41.98281,-1.4862799999999998,-0.27547,37.48624,219,1.5
RGB_P4_720214205.png,442.49592,186.10883,14.95635,11.4793,2,89.51567,435.01774000000006,False,False,False,1.6997,1.44945,car,435.01774000000006,180.36918,191.84848,449.9741,180.37838,191.84665,449.12847999999997,181.35881,191.6587,435.695,181.3514,191.66018,False,False,None,0,0,0,81,2,1,0,0,True,2,0,2,0,0,3,2,2,2,0.00035,-16.547539999999998,-1.28705,-0.55287,-0.22088000000000002,False,-1.52998,-0.29769,38.40365,0.26886,-0.45603,42.93809,0.35962,-0.29901,38.44175,-1.62074,-0.45471000000000006,42.9,-0.58523,-0.29769,38.40376,219,1.56
RGB_P4_720154544.png,435.85666,185.69947,14.41205,11.05687,2,89.23751,428.65064,False,False,False,1.6997,1.44945,car,428.65064,180.17103999999998,191.22791,443.06269000000003,180.18008,191.22676,442.92771,181.1475,191.10603999999998,429.93496,181.14015,191.10698,True,False,None,0,0,0,80,2,1,0,0,True,2,0,2,0,0,3,2,2,2,-0.00095,-16.207420000000003,-1.25425,-1.21975,-0.64954,False,-2.42774,-0.27819,39.92161,-0.62854,-0.43653000000000003,44.455909999999996,-0.53814,-0.27951,39.95955,-2.5181400000000003,-0.43521000000000004,44.41796,-1.483,-0.27819,39.921640000000004,219,1.6199999999999999
RGB_P4_720095504.png,436.14932000000005,185.54849,14.085479999999999,10.80644,2,89.23751,429.10658,False,False,False,1.6997,1.44945,car,429.10658,180.14526999999998,190.95171000000002,443.19205999999997,180.15413999999998,190.95087,443.04908,181.10426,190.85921000000002,430.32235,181.09702,190.8599,True,False,None,0,0,0,79,2,1,0,0,True,2,0,2,0,0,3,2,2,2,-0.00186,-16.1346,-1.25886,-1.19036,-0.42013,False,-2.42538,-0.27819,40.87668,-0.62592,-0.43653000000000003,45.41087,-0.53577,-0.27951,40.91452,-2.51552,-0.43521000000000004,45.37304,-1.48063,-0.27819,40.87666,219,1.68
RGB_P4_720037082.png,436.40464000000003,185.40632,13.777989999999999,10.57063,2,89.23751,429.51565,False,False,False,1.6997,1.44945,car,429.51565,180.12101,190.69163999999998,443.29364000000004,180.1297,190.69104,443.14349000000004,181.06335,190.62573999999998,430.66832,181.05622,190.62623,True,False,None,0,0,0,78,2,1,0,0,True,2,0,2,0,0,3,2,2,2,-0.00165,-16.05743,-1.2467700000000002,-1.1647100000000001,-0.48503999999999997,False,-2.42582,-0.27819,41.81736,-0.62643,-0.43653000000000003,46.35158,-0.53622,-0.27951,41.85522,-2.5160299999999998,-0.43521000000000004,46.31372,-1.48108,-0.27819,41.81735,219,1.74
RGB_P4_719969359.png,441.7022,186.01876000000001,14.09399,10.31058,2,89.23751,434.6552,False,False,False,1.6998400000000002,1.44961,car,434.6552,180.86347,191.17405,448.74919000000006,180.87071,191.17295,448.15770999999995,181.71503,191.06458999999998,435.36636,181.70908,191.0655,False,False,None,0,0,0,77,2,1,0,0,True,2,0,2,0,0,3,2,2,2,-0.00151,-15.972520000000001,-1.24343,-0.63259,-0.17259000000000002,False,-1.7669700000000002,-0.38635,42.901920000000004,0.13446,-0.5446,47.43412,0.21545999999999998,-0.38758000000000004,42.93759,-1.8479700000000001,-0.54338,47.39845,-0.7758,-0.38635,42.90221,219,1.7999999999999998
RGB_P4_719912180.png,437.6019,185.16919,12.984589999999999,9.50431,2,90.38049000000001,431.10961,False,False,False,1.6998400000000002,1.44961,car,431.10961,180.41703,189.91396,444.0942,180.42404,189.91392,443.9462,181.24572,189.9213,432.07535,181.23988,189.92134,True,False,None,0,0,0,76,2,1,0,0,True,2,0,2,0,0,3,2,2,2,-0.00246,-14.446729999999999,-1.03249,-1.04445,-0.39275,False,-2.46932,-0.34033,46.692040000000006,-0.5676,-0.49858,51.224109999999996,-0.4869,-0.34155,46.72757,-2.55003,-0.49735,51.18857,-1.4781600000000001,-0.34033,46.69226,219,1.8599999999999999
RGB_P4_719855618.png,437.81458,185.07435,12.76741,9.3609,2,90.38049000000001,431.43087,False,False,False,1.6998400000000002,1.44961,car,431.43087,180.3939,189.73205,444.19827999999995,180.40081,189.73219,444.04705,181.21188,189.7548,432.35799000000003,181.20609,189.75468,True,False,None,0,0,0,75,2,1,0,0,True,2,0,2,0,0,3,2,2,2,-0.00425,-14.387920000000001,-1.03131,-1.02309,-0.20572,False,-2.46329,-0.34033,47.50796,-0.561,-0.49858,52.0398,-0.48086,-0.34155,47.54325,-2.5434400000000004,-0.49735,52.004509999999996,-1.47213,-0.34033,47.50806,219,1.92
RGB_P4_719789757.png,438.04877,184.96804,12.524560000000001,9.20002,2,90.38049000000001,431.78649,False,False,False,1.6998400000000002,1.44961,car,431.78649,180.36803,189.52864,444.31105,180.37483999999998,189.52898000000002,444.1564,181.17391999999998,189.56805,432.67123,181.16818999999998,189.56776000000002,True,False,None,0,0,0,74,2,1,0,0,True,2,0,2,0,0,3,2,2,2,-0.00606,-14.320879999999999,-1.03355,-0.9995700000000001,-0.20955,False,-2.45687,-0.34033,48.45382,-0.55401,-0.49858,52.985409999999995,-0.47443,-0.34155,48.488859999999995,-2.53645,-0.49735,52.95036999999999,-1.46571,-0.34033,48.453790000000005,219,1.98
RGB_P4_719734437.png,442.44001,185.49152,11.93667,9.01858,2,90.38049000000001,436.47167,False,False,False,1.7,1.45,car,436.47167,180.98224,190.00056999999998,448.40834,180.98835,190.00081,447.93512000000004,181.72572,190.00073999999998,436.97457,181.72054,190.00052,False,False,None,0,0,0,73,2,1,0,0,True,2,0,2,0,0,3,2,2,2,-0.00575,-14.2656,-1.04061,-0.55848,-0.0186,False,-1.7442900000000001,-0.44272,49.2451,0.09863,-0.60093,53.77458000000001,0.17572000000000002,-0.44391,49.27798,-1.82139,-0.5997399999999999,53.7417,-0.7843,-0.44272,49.24454,219,2.04
RGB_P4_719669814.png,438.72429000000005,184.57849,11.25349,8.596169999999999,2,89.35883000000001,433.09754000000004,False,False,False,1.7,1.45,car,433.09754000000004,180.28041000000002,188.78138,444.35103,180.2866,188.78231,444.21374000000003,181.03925,188.87658000000002,433.8319,181.03396999999998,188.87577,True,False,None,0,0,0,72,2,1,0,0,True,2,0,2,0,0,3,2,2,2,-0.004,-13.07741,-0.9093100000000001,-0.93171,-0.28578000000000003,False,-2.43309,-0.34221999999999997,52.32841,-0.59078,-0.50043,56.85813,-0.51308,-0.34341,52.361540000000005,-2.51079,-0.49923999999999996,56.825,-1.4731,-0.34221999999999997,52.32798,219,2.1
RGB_P4_719615733.png,438.80688,184.51137,11.10727,8.49432,2,89.35883000000001,433.25325,False,False,False,1.7,1.45,car,433.25325,180.26421000000002,188.65475,444.36052,180.27033,188.6557,444.22108,181.01519,188.75853,433.96382,181.00996999999998,188.75771,True,False,None,0,0,0,71,2,1,0,0,True,2,0,2,0,0,3,2,2,2,-0.00233,-13.024000000000001,-0.8957200000000001,-0.92342,-0.19045,False,-2.4396400000000003,-0.34221999999999997,53.034169999999996,-0.59791,-0.50043,57.564130000000006,-0.51964,-0.34341,53.06755,-2.51792,-0.49923999999999996,57.53075,-1.47965,-0.34221999999999997,53.03386,219,2.16
RGB_P4_719552352.png,438.89652,184.43508,10.9414,8.37848,2,89.35883000000001,433.42582000000004,False,False,False,1.7,1.45,car,433.42582000000004,180.24584,188.51111,444.36720999999994,180.25186000000002,188.51208,444.22545999999994,180.98783,188.62431999999998,434.1098,180.98268000000002,188.62348,True,False,None,0,0,0,70,2,1,0,0,True,2,0,2,0,0,3,2,2,2,-0.00028,-12.96367,-0.88295,-0.9144100000000001,-0.20182999999999998,False,-2.448,-0.34221999999999997,53.85762,-0.60698,-0.50043,58.38786999999999,-0.528,-0.34341,53.89131,-2.52699,-0.49923999999999996,58.35419,-1.4880200000000001,-0.34221999999999997,53.85746999999999,219,2.2199999999999998
RGB_P4_719489590.png,442.43692999999996,185.01685,10.46503,8.21358,2,89.35883000000001,437.20442,False,False,False,1.6997200000000001,1.4496799999999999,car,437.20442,180.91006000000002,189.05235,447.66944000000007,180.91619,189.0532,447.2404,181.59268,189.12365,437.5543,181.58742,189.1229,False,False,None,0,0,0,69,0,1,0,0,True,0,0,2,0,0,3,2,0,0,0.0018,-12.90592,-0.87431,-0.55879,-0.07701000000000001,False,-1.81285,-0.46316999999999997,54.66984,-0.03627,-0.62149,59.20242,0.05108,-0.46448,54.70601,-1.9002,-0.62019,59.16626,-0.8808299999999999,-0.46316999999999997,54.669230000000006,219,2.28
RGB_P4_719427449.png,439.39035,185.00852,9.90938,7.79245,2,88.68131,434.43566,False,False,False,1.6997200000000001,1.4496799999999999,car,434.43566,181.11229,188.82051,444.34503,181.11795,188.82138999999998,444.16735,181.74665,188.90475,434.95915,181.74176,188.90398000000002,True,False,None,0,0,0,68,0,1,0,0,True,0,0,2,0,0,3,2,0,0,0.00442,-11.59047,-0.74175,-0.8648100000000001,-0.3197,False,-2.4419999999999997,-0.51995,57.817890000000006,-0.6664399999999999,-0.6782699999999999,62.35086999999999,-0.57807,-0.5212600000000001,57.85448,-2.53037,-0.67697,62.314280000000004,-1.5099799999999999,-0.51995,57.81749,219,2.34
RGB_P4_719365928.png,439.41060999999996,184.9416,9.79159,7.70805,2,88.68131,434.51480999999995,False,False,False,1.6997200000000001,1.4496799999999999,car,434.51480999999995,181.08758,188.70418999999998,444.3064,181.09317,188.70506,444.12762999999995,181.71665,188.79563000000002,435.02120999999994,181.71181,188.79488,True,False,None,0,0,0,67,0,1,0,0,True,0,0,2,0,0,3,2,0,0,0.00745,-11.549380000000001,-0.7581600000000001,-0.86277,-0.26466,False,-2.45763,-0.51995,58.52899,-0.6832600000000001,-0.6782699999999999,63.062430000000006,-0.5937100000000001,-0.5212600000000001,58.566069999999996,-2.54718,-0.67697,63.02536,-1.5256100000000001,-0.51995,58.528830000000006,219,2.4
RGB_P4_719305026.png,439.45452,184.87704,9.67806,7.6265600000000004,2,88.68131,434.61549,False,False,False,1.6997200000000001,1.4496799999999999,car,434.61549,181.06376,188.59208999999998,444.29355999999996,181.06929,188.59296,444.11383,181.68769,188.69031999999999,435.10568,181.6829,188.68956,True,False,None,0,0,0,66,0,1,0,0,True,0,0,2,0,0,3,2,0,0,0.00944,-11.50843,-0.77686,-0.85836,-0.28901,False,-2.46835,-0.51995,59.23069,-0.69477,-0.6782699999999999,63.76444,-0.60444,-0.5212600000000001,59.268080000000005,-2.55868,-0.67697,63.72704,-1.53633,-0.51995,59.23069,219,2.46
RGB_P4_719249706.png,441.69605,185.66265,9.41934,7.49401,2,88.68131,436.98638,False,False,False,1.7,1.45,car,436.98638,181.91564,189.36601000000002,446.40572000000003,181.92041,189.36622,446.07658,182.47442,189.40966,437.30279,182.4703,189.40948,False,False,None,0,0,0,65,0,1,0,0,True,0,0,2,0,0,3,2,0,0,0.00945,-11.46583,-0.7794800000000001,-0.63321,-0.17949,False,-2.0341099999999996,-0.69001,59.865840000000006,-0.29224,-0.8483,64.39950999999999,-0.20056,-0.69129,59.903180000000006,-2.12578,-0.84703,64.36216999999999,-1.11722,-0.69001,59.866319999999995,219,2.52
RGB_P4_719190044.png,440.13965,184.66123000000002,8.81064,7.092960000000001,2,89.00078,435.73433,False,False,False,1.7,1.45,car,435.73433,181.11475,188.08342,444.54497000000003,181.11968000000002,188.0844,444.35907000000003,181.69171,188.20771000000002,436.11575,181.6874,188.20686,True,False,None,0,0,0,64,0,1,0,0,True,0,0,2,0,0,3,2,0,0,0.0078,-9.43106,-0.57535,-0.7895399999999999,-0.28087,False,-2.44313,-0.56233,64.10409,-0.70047,-0.7206199999999999,68.63745,-0.60958,-0.5636,64.14111,-2.53402,-0.71935,68.60043,-1.52625,-0.56233,64.10441,219,2.58
RGB_P4_719131003.png,440.25329000000005,184.61627,8.736289999999999,7.03816,2,89.00078,435.88514000000004,False,False,False,1.7,1.45,car,435.88514000000004,181.09718999999998,188.00708999999998,444.62143,181.1021,188.00815,444.43532999999996,181.67074,188.13535,436.25715,181.66644,188.13443,True,False,None,0,0,0,63,0,1,0,0,True,0,0,2,0,0,3,2,0,0,0.00629,-9.39408,-0.5652,-0.77813,-0.2162,False,-2.43319,-0.56233,64.66046,-0.6898,-0.7206199999999999,69.19354,-0.59964,-0.5636,64.69718,-2.52336,-0.71935,69.15682,-1.51631,-0.56233,64.66063,219,2.6399999999999997
RGB_P4_719072582.png,440.33962,184.57267,8.66426,6.98497,2,89.00078,436.00749,False,False,False,1.7,1.45,car,436.00749,181.08018,187.93313999999998,444.67175,181.08506,187.93425,444.48547,181.65039,188.06515,436.37043,181.64611000000002,188.06418,True,False,None,0,0,0,62,0,1,0,0,True,0,0,2,0,0,3,2,0,0,0.00555,-9.35685,-0.55043,-0.76946,-0.20994000000000002,False,-2.42843,-0.56233,65.20862,-0.6846800000000001,-0.7206199999999999,69.74155999999999,-0.59487,-0.5636,65.2452,-2.51824,-0.71935,69.70499000000001,-1.51155,-0.56233,20.3,219,2.6999999999999997
RGB_P4_719004859.png,441.76612,185.10714,8.34992,6.8852899999999995,2,89.00078,437.59115999999995,False,False,False,1.7,1.45,car,437.59115999999995,181.66449,188.45203999999998,445.94107,181.66846,188.45259,445.69662,182.19214,188.54979,437.87127999999996,182.18867,188.54932,False,False,None,0,0,0,61,2,1,0,0,True,2,0,2,0,0,3,2,2,2,0.00454,-9.31863,-0.54652,-0.62617,-0.13339,False,-2.1143099999999997,-0.69117,65.84068,-0.41547,-0.8493200000000001,70.37093,-0.3302,-0.6923,65.87447,-2.19958,-0.84819,70.33713,-1.2221600000000001,-0.69117,65.84139,219,2.76
RGB_P4_718947679.png,440.82289000000003,184.63253999999998,7.98917,6.626689999999999,2,86.89381,436.8283,False,False,False,1.7,1.45,car,436.8283,181.31919,187.81329,444.81747,181.32317,187.81416000000002,444.65393,181.84637,187.94588000000002,437.1463,181.84287,187.94512,True,False,None,0,0,0,60,2,1,0,0,True,2,0,2,0,0,3,2,2,2,0.0031899999999999997,-7.83254,-0.43867,-0.72092,-0.18224,False,-2.3853,-0.63954,68.87907,-0.6856800000000001,-0.7977,73.40902,-0.60119,-0.64067,68.91255,-2.46979,-0.79657,73.37553,-1.49315,-0.63954,68.87961999999999,219,2.82
RGB_P4_718891117.png,440.9476,184.59913,7.939019999999999,6.58855,2,86.89381,436.97809000000007,False,False,False,1.7,1.45,car,436.97809000000007,181.30485,187.75822,444.91711,181.30882,187.75916999999998,444.75345999999996,181.8298,187.8934,437.29015,181.82629,187.89257,True,False,None,0,0,0,59,2,1,0,0,True,2,0,2,0,0,3,2,2,2,0.00115,-7.815939999999999,-0.46901000000000004,-0.70839,-0.12214000000000001,False,-2.3673900000000003,-0.63954,69.32211,-0.6665800000000001,-0.7977,73.85161,-0.58326,-0.64067,69.35513,-2.4507,-0.79657,73.8186,-1.4752399999999999,-0.63954,69.32243000000001,219,2.88
RGB_P4_718825256.png,441.08038,184.56081,7.88155,6.54479,2,86.89381,437.13960999999995,False,False,False,1.7,1.45,car,437.13960999999995,181.28842,187.69511,445.02115999999995,181.29238,187.69613999999999,444.85740999999996,181.81079,187.83321,437.44490999999994,181.80729,187.8323,True,False,None,0,0,0,58,2,1,0,0,True,2,0,2,0,0,3,2,2,2,-0.0009199999999999999,-7.79052,-0.4878,-0.69505,-0.09937,False,-2.3488700000000002,-0.63954,69.83675,-0.64686,-0.7977,74.3658,-0.5647399999999999,-0.64067,69.86929,-2.43099,-0.79657,74.33326,-1.45672,-0.63954,69.83684000000001,219,2.94
RGB_P4_718769935.png,442.30045,185.14562,7.54022,6.4698400000000005,2,86.89381,438.53034,False,False,False,1.7,1.45,car,438.53034,181.9107,188.27793,446.07055999999994,181.91427,188.27872,445.84712,182.3929,188.38054,438.75302999999997,182.38974,188.37984,False,False,None,0,0,0,57,2,1,0,0,True,2,0,2,0,0,3,2,2,2,-0.0016899999999999999,-7.7648399999999995,-0.49367,-0.5725,-0.03447,False,-2.04714,-0.78423,70.26758000000001,-0.41148,-0.94235,74.79529000000001,-0.32971,-0.78533,70.29878000000001,-2.12891,-0.94126,74.7641,-1.1883299999999999,-0.78423,70.26746,219,3.0
RGB_P4_718705313.png,441.42327,184.0921,7.21617,6.2622,2,89.79641,437.81518,False,False,False,1.7,1.45,car,437.81518,180.96099999999998,187.05487,445.03135,180.96481,187.05612,444.87451,181.47793000000001,187.2232,438.06800000000004,181.47454,187.22208999999998,True,False,None,0,0,0,56,2,1,0,0,True,2,0,2,0,0,3,2,2,2,-0.0012,-6.07479,-0.37587,-0.66061,-0.0938,False,-2.3143700000000003,-0.5879,73.49291,-0.67908,-0.74602,78.02075,-0.59695,-0.589,73.52424,-2.3965099999999997,-0.74492,77.98942,-1.45556,-0.5879,73.49286,219,3.06
RGB_P4_718651232.png,441.4302,184.07102,7.18465,6.23688,2,89.79641,437.83788,False,False,False,1.7,1.45,car,437.83788,180.95258,187.01985,445.02252999999996,180.95638,187.02109,444.86555999999996,181.46786,187.18946,438.0871,181.46448,187.18835,True,False,None,0,0,0,55,2,1,0,0,True,2,0,2,0,0,3,2,2,2,-0.0007700000000000001,-6.05547,-0.38137,-0.65991,-0.06627999999999999,False,-2.3195799999999998,-0.5879,73.82099000000001,-0.68462,-0.74602,78.34895,-0.60216,-0.589,73.85244,-2.40204,-0.74492,78.31749,-1.4607700000000001,-0.5879,73.82099000000001,219,3.12
RGB_P4_718587850.png,441.45537,184.04662,7.1481699999999995,6.20756,2,89.79641,437.88128,False,False,False,1.7,1.45,car,437.88128,180.94284,186.9793,445.02945,180.94662,186.98055,444.87237000000005,181.4562,187.1504,438.12638,181.45283999999998,187.14928,True,False,None,0,0,0,54,2,1,0,0,True,2,0,2,0,0,3,2,2,2,-0.0006,-6.03561,-0.39526999999999995,-0.6573899999999999,-0.06828,False,-2.32155,-0.5879,74.20435,-0.68671,-0.74602,78.73235,-0.6041300000000001,-0.589,74.23585,-2.40413,-0.74492,78.70085,-1.46274,-0.5879,74.20438,219,3.1799999999999997
RGB_P4_718525090.png,442.24836,184.69742,7.17426,6.13891,2,89.79641,438.66123,False,False,False,1.7,1.45,car,438.66123,181.62797,187.63336,445.83549000000005,181.63153,187.63445,445.63969000000003,182.10031,187.76688000000001,438.86713,182.09712,187.7659,False,False,None,0,0,0,53,2,1,0,0,True,2,0,2,0,0,3,2,2,2,-0.00082,-6.0149099999999995,-0.40897,-0.57773,-0.044539999999999996,False,-2.14557,-0.7555,74.58327,-0.49413,-0.91364,79.11102,-0.413,-0.75662,74.61449,-2.2267,-0.9125200000000001,79.0798,-1.2791700000000001,-0.7555,74.58288,219,3.2399999999999998
RGB_P4_718462948.png,441.81662,184.20649,6.81416,5.86637,2,86.09546999999999,438.40954000000005,False,False,False,1.7,1.45,car,438.40954000000005,181.27331,186.97728999999998,445.22369000000003,181.27683000000002,186.97858,445.06929,181.74223,187.13968,438.61855,181.73907,187.13852,True,False,None,0,0,0,52,2,1,0,0,True,2,0,2,0,0,3,2,2,2,-0.0007,-3.7188,-0.30446999999999996,-0.6211,-0.09713,False,-2.32885,-0.69852,78.59833,-0.67757,-0.8566600000000001,83.12613,-0.59629,-0.6996399999999999,78.62961,-2.41013,-0.85555,83.09485,-1.46246,-0.69852,78.59796,219,3.3
RGB_P4_718401426.png,441.7744,184.19235,6.79475,5.85086,2,86.09546999999999,438.37703,False,False,False,1.7,1.45,car,438.37703,181.26692,186.95466000000002,445.17177000000004,181.27043,186.95591000000002,445.01730999999995,181.73491,187.11778999999999,438.58396,181.73176999999998,187.11666,True,False,None,0,0,0,51,2,1,0,0,True,2,0,2,0,0,3,2,2,2,2e-05,-3.7046300000000003,-0.32011999999999996,-0.62534,-0.10484,False,-2.3441099999999997,-0.69852,78.82669,-0.69371,-0.8566600000000001,83.35481999999999,-0.61156,-0.6996399999999999,78.85831,-2.4262599999999996,-0.85555,83.3232,-1.4777200000000001,-0.69852,78.82649,219,3.36
RGB_P4_718340524.png,441.73602,184.17848,6.775710000000001,5.83565,2,86.09546999999999,438.34817000000004,False,False,False,1.7,1.45,car,438.34817000000004,181.26066,186.93246000000002,445.12388,181.26415,186.93368999999998,444.96935,181.72773,187.09631000000002,438.55307999999997,181.72461,187.0952,True,False,None,0,0,0,50,2,1,0,0,True,2,0,2,0,0,3,2,2,2,0.0006900000000000001,-3.67795,-0.29445,-0.6291899999999999,-0.09724,False,-2.35839,-0.69852,79.05195,-0.7088,-0.8566600000000001,83.58037,-0.62584,-0.6996399999999999,79.08386999999999,-2.44135,-0.85555,83.54844,-1.492,-0.69852,79.05190999999999,219,3.42
RGB_P4_718285201.png,442.19539000000003,184.50257,6.81122,5.80311,2,86.09546999999999,438.78979000000004,False,False,False,1.7,1.45,car,438.78979000000004,181.60101,187.25807,445.601,181.60428000000002,187.25911000000002,445.4254,182.04873999999998,187.40412,438.97461,182.04581000000002,187.40319,False,False,None,0,0,0,49,2,1,0,0,True,2,0,2,0,0,3,2,2,2,0.0008699999999999999,-3.6595699999999995,-0.27921,-0.58305,-0.052739999999999995,False,-2.2515,-0.78714,79.25514,-0.58728,-0.94526,83.78343000000001,-0.50535,-0.7882399999999999,79.28692,-2.33343,-0.9441700000000001,83.75166,-1.3783100000000001,-0.78714,79.25531,219,3.48
RGB_P4_718225540.png,441.84904000000006,183.12016,6.696339999999999,5.7829999999999995,2,85.78872,438.50086,False,False,False,1.7,1.45,car,438.50086,180.22866000000002,185.79102,445.19721,180.23241000000002,185.79261,445.04580999999996,180.74121,186.01165,438.69815,180.73783999999998,186.01023,True,False,None,0,0,0,48,2,1,0,0,True,2,0,2,0,0,3,2,2,2,0.0008,-2.89059,-0.22121999999999997,-0.61784,-0.06026,False,-2.36742,-0.44096,80.65111,-0.7031,-0.5990800000000001,85.17936,-0.62126,-0.44206000000000006,80.68285,-2.44925,-0.5979800000000001,85.14761999999999,-1.49423,-0.44096,80.65126,219,3.54
RGB_P4_718166499.png,441.88885999999997,183.11203999999998,6.6824,5.771730000000001,2,85.78872,438.54765999999995,False,False,False,1.7,1.45,car,438.54765999999995,180.22617,185.77696,445.23006,180.22992,185.77857,445.07869000000005,180.73785,185.99791000000002,438.74355999999995,180.73448,185.99646,True,False,None,0,0,0,47,2,1,0,0,True,2,0,2,0,0,3,2,2,2,0.00055,-2.87772,-0.22232,-0.6138399999999999,-0.04072,False,-2.36036,-0.44096,80.822,-0.69563,-0.5990800000000001,85.35011,-0.6142,-0.44206000000000006,80.85359,-2.44179,-0.5979800000000001,85.31851999999999,-1.48717,-0.44096,80.82208,219,3.5999999999999996
RGB_P4_718108078.png,441.91860999999994,183.10407,6.66873,5.760680000000001,2,85.78872,438.58425,False,False,False,1.7,1.45,car,438.58425,180.22373000000002,185.76317,445.25298,180.22746999999998,185.76478999999998,445.10162,180.73455,185.98442,438.77879,180.73118,185.98297,True,False,None,0,0,0,46,2,1,0,0,True,2,0,2,0,0,3,2,2,2,0.00039,-2.86373,-0.21955,-0.61085,-0.03224,False,-2.35584,-0.44096,80.99027,-0.69086,-0.5990800000000001,85.51829000000001,-0.60968,-0.44206000000000006,81.02176,-2.43702,-0.5979800000000001,85.4868,-1.48265,-0.44096,80.9903,219,3.6599999999999997
RGB_P4_718040356.png,442.34342000000004,183.69278,6.6653,5.7152400000000005,2,85.78872,439.01077000000004,False,False,False,1.7,1.45,car,439.01077000000004,180.83516,186.36084,445.67607000000004,180.83868,186.36219,445.49695,181.31294,186.5504,439.17655999999994,181.30979,186.54918999999998,False,False,None,0,0,0,45,2,1,0,0,True,2,0,2,0,0,3,2,2,2,0.0003,-2.84145,-0.19808,-0.56818,-0.01051,False,-2.2498400000000003,-0.6020300000000001,81.18404,-0.58322,-0.7601600000000001,85.71275,-0.50031,-0.60314,81.21625999999999,-2.33275,-0.75905,85.68053,-1.37495,-0.6020300000000001,81.1843,219,3.7199999999999998
RGB_P4_717983177.png,442.23371,184.32809,6.36489,5.43123,2,84.5305,439.05127000000005,False,False,False,1.7,1.45,car,439.05127000000005,181.61248,186.88857,445.41616,181.61553999999998,186.88967,445.25849000000005,182.03099,187.0437,439.20885,182.02822,187.04271,True,False,None,0,0,0,44,2,1,0,0,True,2,0,2,0,0,3,2,2,2,0.00027,-0.58105,-0.06742999999999999,-0.5792,-0.03798,False,-2.35013,-0.8377700000000001,85.07004,-0.68324,-0.9959,89.59865,-0.6006,-0.83888,85.10215,-2.43277,-0.99479,89.56654,-1.4752299999999998,-0.8377700000000001,85.07025,219,3.78
RGB_P4_717926615.png,442.27319000000006,184.32613999999998,6.36244,5.42931,2,84.5305,439.09197,False,False,False,1.7,1.45,car,439.09197,181.61148,186.88555,445.45440999999994,181.61456,186.88667,445.29677999999996,182.0299,187.0408,439.24935999999997,182.02713,187.03978,True,False,None,0,0,0,43,2,1,0,0,True,2,0,2,0,0,3,2,2,2,0.0002,-0.57286,-0.04874,-0.57524,-0.05842000000000001,False,-2.33988,-0.8377700000000001,85.10325999999999,-0.67245,-0.9959,89.63168,-0.59034,-0.83888,85.13517,-2.42198,-0.99479,89.59976999999999,-1.46498,-0.8377700000000001,85.10337,219,3.84
RGB_P4_717860754.png,442.3151,184.32391,6.35963,5.42711,2,84.5305,439.13527999999997,False,False,False,1.7,1.45,car,439.13527999999997,181.61035,186.88208999999998,445.49490999999995,181.61343,186.88324,445.33732000000003,182.02865,187.03746,439.29244000000006,182.02587,187.03643,True,False,None,0,0,0,42,2,1,0,0,True,2,0,2,0,0,3,2,2,2,0.00011999999999999999,-0.5637,-0.02833,-0.57103,-0.08353,False,-2.32904,-0.8377700000000001,85.14135,-0.66103,-0.9959,89.66955,-0.5795,-0.83888,85.17303000000001,-2.41057,-0.99479,89.63786999999999,-1.45414,-0.8377700000000001,85.14135,219,3.9
RGB_P4_717805433.png,442.30978,184.3017,6.3318900000000005,5.4051800000000005,2,84.5305,439.14384,False,False,False,1.7,1.45,car,439.14384,181.59911,186.84786,445.47573,181.60218,186.84901000000002,445.31972,182.01623999999998,187.00429,439.2999,182.01346,187.00325,False,False,None,0,0,0,41,2,1,0,0,True,2,0,2,0,0,3,2,2,2,0.0,0.0,0.0,-0.5715600000000001,-0.0781,False,-2.33736,-0.8377700000000001,85.52011,-0.6693600000000001,-0.9959,90.04831,-0.58783,-0.83888,85.55179,-2.4189,-0.99479,90.01663,-1.4624700000000002,-0.8377700000000001,85.52011,219,3.96
RGB_P4_717740811.png,442.07170999999994,183.76684,6.55658,5.91069,2,79.54993,438.79342,False,False,False,1.7,1.45,car,438.79342,180.81149,186.53566999999998,445.35,180.81488000000002,186.53691,445.18948,181.30657,186.72218,438.98374,181.30353,186.72108,True,False,None,0,0,0,40,2,1,0,0,True,2,0,2,0,0,3,2,2,2,0.0,0.0,0.0,-0.59548,-0.08172,False,-2.22309,-0.5796600000000001,78.32473,-0.64277,-0.7377100000000001,82.85113,-0.5618,-0.5806899999999999,78.3546,-2.3040599999999998,-0.73669,82.82126,-1.3923299999999998,-0.5796600000000001,236.0,219,4.02
RGB_P4_717686730.png,442.15430999999995,183.70026000000001,6.46017,5.82981,2,79.54993,438.92422,False,False,False,1.7,1.45,car,438.92422,180.78536,186.42541,445.38439000000005,180.78871,186.42666,445.22405,181.27492,186.61517,439.10472999999996,181.27192,186.61405,True,False,None,0,0,0,39,2,1,0,0,True,2,0,2,0,0,3,2,2,2,0.0,0.0,0.0,-0.58718,-0.06284,False,-2.2242599999999997,-0.5796600000000001,79.51269,-0.6440100000000001,-0.7377100000000001,84.03912,-0.56297,-0.5806899999999999,79.54259,-2.3052900000000003,-0.73669,84.00922,-1.3935,-0.5796600000000001,79.51294,219,4.08
RGB_P4_717623348.png,442.27227,183.62458,6.35072,5.73779,2,79.54993,439.09692,False,False,False,1.7,1.45,car,439.09692,180.75569,186.30021000000002,445.44763,180.75898999999998,186.3015,445.2876,181.23893999999999,186.49348,439.26658,181.23597,186.49232,True,False,None,0,0,0,38,2,1,0,0,True,2,0,2,0,0,3,2,2,2,0.0,0.0,0.0,-0.57533,-0.04854,False,-2.2193,-0.5796600000000001,80.90521,-0.63877,-0.7377100000000001,85.43154,-0.55802,-0.5806899999999999,80.93500999999999,-2.3000599999999998,-0.73669,85.40175,-1.3885399999999999,-0.5796600000000001,80.90541,219,4.14
RGB_P4_717560586.png,442.43881,183.55203,6.24591,5.6495,2,79.54993,439.31586,False,False,False,1.7,1.45,car,439.31586,180.72728,186.18034,445.56177,180.73055,186.18168,445.4022,181.20443999999998,186.37678,439.47548,181.20148999999998,186.37556,False,False,None,0,0,0,37,2,1,0,0,True,2,0,2,0,0,3,2,2,2,0.0,0.0,0.0,-0.5586,0.12097999999999999,False,-2.20014,-0.5796600000000001,82.28421,-0.61853,-0.7377100000000001,86.81017,-0.53884,-0.5806899999999999,82.31362,-2.27982,-0.73669,86.78076999999999,-1.3693799999999998,-0.5796600000000001,82.28421,219,4.2
RGB_P4_717498445.png,442.37952,183.65347,6.26917,5.53135,2,74.46563,439.24494000000004,False,False,False,1.7,1.45,car,439.24494000000004,180.8878,186.22902,445.51410999999996,180.89087,186.23027,445.36925,181.34751,186.41914,439.41422,181.34473,186.41801,True,False,None,0,0,0,36,2,1,0,0,True,2,0,2,0,0,3,2,2,2,0.0,0.0,0.0,-0.5645600000000001,0.24005,False,-2.26772,-0.63262,84.03078000000001,-0.64241,-0.79065,88.55651999999999,-0.5653600000000001,-0.63362,84.05991999999999,-2.34478,-0.78964,88.52738000000001,-1.4164299999999999,-0.63262,84.03093,219,4.26
RGB_P4_717436925.png,442.5015,183.58434,6.1714400000000005,5.450880000000001,2,74.46563,439.41578,False,False,False,1.7,1.45,car,439.41578,180.8589,186.11688999999998,445.58722,180.86194,186.11818,445.44264000000004,181.31323999999998,186.30978000000002,439.57587,181.31049,186.30862,True,False,None,0,0,0,35,2,1,0,0,True,2,0,2,0,0,3,2,2,2,0.0,0.0,0.0,-0.5523,0.32579,False,-2.2582400000000002,-0.63262,85.38179000000001,-0.63241,-0.79065,89.90734,-0.55587,-0.63362,85.41073,-2.33478,-0.78964,89.8784,-1.4069399999999999,-0.63262,85.38184,219,4.32
RGB_P4_717376023.png,442.59368,183.51792,6.07766,5.3735,2,74.46563,439.55485,False,False,False,1.7,1.45,car,439.55485,180.83117,186.00929,445.63250999999997,180.83418,186.0106,445.48825,181.2803,186.20466000000002,439.70629,181.27758,186.20348,True,False,None,0,0,0,34,2,1,0,0,True,2,0,2,0,0,3,2,2,2,0.0,0.0,0.0,-0.54305,0.23385999999999998,False,-2.25582,-0.63262,86.71909000000001,-0.6298600000000001,-0.79065,91.2446,-0.5534399999999999,-0.63362,86.74799,-2.33223,-0.78964,91.2157,-1.40452,-0.63262,86.71911999999999,219,4.38
RGB_P4_717320701.png,442.67650999999995,183.45924,5.9949,5.30507,2,74.46563,439.67905999999994,False,False,False,1.7,1.45,car,439.67905999999994,180.8067,185.91433999999998,445.67397,180.80968000000001,185.91566,445.53004000000004,181.25118999999998,186.11177,439.82302999999996,181.2485,186.11057,False,False,None,0,0,0,33,2,1,0,0,True,2,0,2,0,0,3,2,2,2,0.0,0.0,0.0,-0.53473,0.2665,False,-2.25319,-0.63262,87.93395,-0.6271,-0.79065,92.45940999999999,-0.55082,-0.63362,87.96279,-2.32947,-0.78964,92.43056,-1.4019,-0.63262,87.93395,219,4.4399999999999995
RGB_P4_717261040.png,442.3806,183.49438999999998,6.10917,5.624619999999999,2,73.37380999999999,439.32600999999994,False,False,False,1.7,1.45,car,439.32600999999994,180.68208,186.10755,445.43518,180.68517,186.10884,445.29297,181.1591,186.3067,439.49451,181.15632,186.30555,True,False,None,0,0,0,32,0,1,0,0,True,0,0,2,0,0,3,2,0,0,0.0,0.0,0.0,-0.56445,0.25816999999999996,False,-2.20918,-0.56988,82.70991,-0.65281,-0.72788,87.23438,-0.57599,-0.57085,82.73778,-2.286,-0.7269100000000001,87.20651,-1.39247,-0.56988,82.70994,219,4.5
RGB_P4_717201999.png,442.50073,183.42938,6.01628,5.54472,2,73.37380999999999,439.49259000000006,False,False,False,1.7,1.45,car,439.49259000000006,180.65702,186.00003,445.50887,180.66007,186.00135,445.36681,181.12842,186.20175,439.65209000000004,181.12566999999999,186.20056,True,False,None,0,0,0,31,0,1,0,0,True,0,0,2,0,0,3,2,0,0,0.0,0.0,0.0,-0.55238,0.25108,False,-2.19975,-0.56988,84.00666,-0.6428699999999999,-0.72788,88.53096,-0.5665600000000001,-0.57085,84.03435,-2.2760700000000003,-0.7269100000000001,88.50328,-1.38305,-0.56988,84.00661,219,4.56
RGB_P4_717143578.png,442.58774000000005,183.36691000000002,5.92713,5.46787,2,73.37380999999999,439.62417,False,False,False,1.7,1.45,car,439.62417,180.63298,185.89684,445.5513,180.63599,185.89817,445.40943,181.09893,186.10083999999998,439.77520999999996,181.09621,186.09964,True,False,None,0,0,0,30,0,1,0,0,True,0,0,2,0,0,3,2,0,0,0.0,0.0,0.0,-0.54364,0.07758,False,-2.19823,-0.56988,85.28950999999999,-0.64126,-0.72788,89.81376999999999,-0.56503,-0.57085,85.31716,-2.27446,-0.7269100000000001,89.78612,-1.38152,-0.56988,85.28943000000001,219,4.62
RGB_P4_717075856.png,442.65160999999995,183.29668999999998,5.8270800000000005,5.381419999999999,2,73.37380999999999,439.73807,False,False,False,1.7,1.45,car,439.73807,180.60599,185.78101999999998,445.56515,180.60896,185.78235,445.4235,181.06578000000002,185.9874,439.87976,181.06309,185.9862,False,False,None,0,0,0,1,0,1,0,0,True,0,0,2,0,0,3,2,0,0,0.0,0.0,0.0,-0.53723,0.01121,False,-2.20593,-0.56988,86.77606999999999,-0.64937,-0.72788,91.30048000000001,-0.5727399999999999,-0.57085,86.80386999999999,-2.28257,-0.7269100000000001,91.27268000000001,-1.38923,-0.56988,86.77606999999999,219,4.68
RGB_P4_717018675.png,440.91855,183.28554,5.772130000000001,4.95942,2,78.19973,438.03247999999996,False,False,False,1.7,1.45,car,438.03247999999996,180.80583000000001,185.56485,443.80460999999997,180.80874,185.56623000000002,443.7472,181.2215,185.76525,438.23422,181.21885,185.76398999999998,True,False,None,0,0,0,28,0,1,0,0,True,0,0,2,0,0,3,2,0,0,0.0,0.0,0.0,-0.71131,-0.09212999999999999,False,-2.9282,-0.66919,94.46933,-1.24765,-0.8272700000000001,98.99656,-1.16921,-0.67025,94.49998000000001,-3.00665,-0.82621,98.96591,-2.0485700000000002,-0.66919,94.46949000000001,219,4.74
RGB_P4_716962114.png,440.96646,183.25003999999998,5.72215,4.9191,2,78.19973,438.10539000000006,False,False,False,1.7,1.45,car,438.10539000000006,180.79048999999998,185.50833,443.82754000000006,180.79338,185.50971,443.76894000000004,181.20341000000002,185.70959,438.30155999999994,181.20078,185.70833000000002,True,False,None,0,0,0,27,0,1,0,0,True,0,0,2,0,0,3,2,0,0,0.0,0.0,0.0,-0.70649,-0.02914,False,-2.9323200000000003,-0.66919,95.30556,-1.25197,-0.8272700000000001,99.83286,-1.1733200000000001,-0.67025,95.33629,-3.01097,-0.82621,99.80213,-2.05269,-0.66919,95.30575999999999,219,4.8
RGB_P4_716896252.png,441.07672,183.20944,5.665,4.87297,2,78.19973,438.24422000000004,False,False,False,1.7,1.45,car,438.24422000000004,180.77296,185.4437,443.90922,180.77581999999998,185.4451,443.84932000000003,181.18272,185.64593,438.43414,181.1801,185.64463999999998,True,False,None,0,0,0,26,0,1,0,0,True,0,0,2,0,0,3,2,0,0,0.0,0.0,0.0,-0.6954199999999999,-0.0753,False,-2.91988,-0.66919,96.27976,-1.2389700000000001,-0.8272700000000001,100.80685,-1.16088,-0.67025,96.31026999999999,-2.99796,-0.82621,100.77634,-2.04025,-0.66919,96.27985,219,4.859999999999999
RGB_P4_716840931.png,442.58337,183.10057,5.51161,4.74915,2,78.19973,439.82757000000004,False,False,False,1.7,1.45,car,439.82757000000004,180.726,185.27065,445.33918,180.72881,185.27208000000002,445.22081,181.12721000000002,185.47515,439.94597000000005,181.12463,185.47384,False,False,None,0,0,0,25,0,1,0,0,True,0,0,2,0,0,3,2,0,0,0.0,0.0,0.0,-0.54408,0.00205,False,-2.49857,-0.66919,98.98765999999999,-0.81718,-0.8272700000000001,103.51456999999999,-0.73957,-0.67025,99.01798000000001,-2.57618,-0.82621,103.48425,-1.61894,-0.66919,98.98765999999999,219,4.92
RGB_P4_716776310.png,441.12497,183.35496,5.31095,4.8612400000000004,2,74.33543,438.4695,False,False,False,1.7,1.45,car,438.4695,180.92434,185.59005,443.78045,180.92702,185.5914,443.73326,181.32684,185.78558,438.65629,181.32439,185.78435,True,False,None,0,0,0,24,0,1,0,0,True,0,0,2,0,0,3,2,0,0,0.0,0.0,0.0,-0.69057,-0.09601,False,-2.85305,-0.71677,96.38155,-1.27805,-0.8748,100.90596,-1.20224,-0.71777,96.40934,-2.92886,-0.8738,100.87817,-2.02752,-0.71677,96.38114,219,4.9799999999999995
RGB_P4_716722228.png,441.14595999999995,183.31765,5.26346,4.82043,2,74.33543,438.51423,False,False,False,1.7,1.45,car,438.51423,180.90743999999998,185.53145,443.77769000000006,180.91009,185.53278999999998,443.72917,181.30723999999998,185.72787,438.69561,181.30481,185.72664,True,False,None,0,0,0,23,0,1,0,0,True,0,0,2,0,0,3,2,0,0,0.0,0.0,0.0,-0.6884600000000001,-0.06214,False,-2.86575,-0.71677,97.2627,-1.29136,-0.8748,101.78733000000001,-1.21494,-0.71777,97.29072,-2.94217,-0.8738,101.75931,-2.04022,-0.71677,97.26241,219,5.04
RGB_P4_716658847.png,441.15394000000003,183.27476000000001,5.2089099999999995,4.77347,2,74.33543,438.54949000000005,False,False,False,1.7,1.45,car,438.54949000000005,180.88801999999998,185.46412,443.7584,180.89064,185.46543,443.70838,181.28468999999998,185.66149,438.72472999999997,181.28229,185.66028,True,False,None,0,0,0,22,0,1,0,0,True,0,0,2,0,0,3,2,0,0,0.0,0.0,0.0,-0.68766,-0.10830999999999999,False,-2.88574,-0.71677,98.29499,-1.31229,-0.8748,102.81995,-1.23494,-0.71777,98.32336,-2.9630900000000002,-0.8738,102.79159,-2.0602099999999997,-0.71677,98.29488,219,5.1
RGB_P4_716596085.png,442.55664,183.26643,5.19793,4.76435,2,74.33543,439.95768,False,False,False,1.7,1.45,car,439.95768,180.88425,185.45106,445.15560999999997,180.88687,185.45236,445.04345,181.28032,185.64861000000002,440.06985999999995,181.27792,185.64741,False,False,None,0,0,0,21,0,1,0,0,True,0,0,2,0,0,3,2,0,0,0.0,0.0,0.0,-0.54677,-0.11382,False,-2.44454,-0.71677,98.49767,-0.87174,-0.8748,103.02286,-0.79374,-0.71777,98.52627,-2.5225400000000002,-0.8738,102.99426,-1.61901,-0.71677,98.49767,219,5.16
RGB_P4_716533945.png,441.28955999999994,183.30884,5.2531099999999995,4.64009,2,73.67796,438.663,False,False,False,1.7,1.45,car,438.663,180.98879,185.43559,443.91610999999995,180.99141,185.43694,443.86136,181.37055,185.62888999999998,438.82928,181.36815,185.62766000000002,True,False,None,0,0,0,20,0,1,0,0,True,0,0,2,0,0,3,2,0,0,0.0,0.0,0.0,-0.67404,-0.25064000000000003,False,-2.93578,-0.76667,101.18796,-1.2997299999999998,-0.9247299999999999,105.71392,-1.2225700000000002,-0.76771,101.21732,-3.01294,-0.9237,105.68456,-2.07904,-0.76667,101.18781,219,5.22
RGB_P4_716472422.png,441.32794,183.27098999999998,5.20504,4.600169999999999,2,73.67796,438.72542000000004,False,False,False,1.7,1.45,car,438.72542000000004,180.97091,185.37703,443.93045,180.9735,185.37837,443.87462,181.35007,185.57108,438.88665999999995,181.34768,185.56985,True,False,None,0,0,0,19,0,1,0,0,True,0,0,2,0,0,3,2,0,0,0.0,0.0,0.0,-0.67019,-0.24824000000000002,False,-2.94335,-0.76667,102.13438000000001,-1.30765,-0.9247299999999999,106.66046000000001,-1.23015,-0.76771,102.16386999999999,-3.02085,-0.9237,106.63096999999999,-2.08661,-0.76667,102.13429000000001,219,5.279999999999999
RGB_P4_716411522.png,441.33081,183.23418999999998,5.15834,4.56133,2,73.67796,438.75164,False,False,False,1.7,1.45,car,438.75164,180.95353,185.32013,443.90997999999996,180.9561,185.32145,443.8531,181.33014,185.51486,438.90805,181.32778000000002,185.51363999999998,True,False,None,0,0,0,18,0,1,0,0,True,0,0,2,0,0,3,2,0,0,0.0,0.0,0.0,-0.6699,-0.22332,False,-2.96228,-0.76667,103.0708,-1.3274,-0.9247299999999999,107.59718000000001,-1.24908,-0.76771,103.1006,-3.04061,-0.9237,107.56737,-2.10554,-0.76667,103.07086,219,5.34
RGB_P4_716356200.png,442.55895999999996,183.13568,5.0330900000000005,4.457269999999999,2,73.67796,440.04240999999996,False,False,False,1.7,1.45,car,440.04240999999996,180.90704,185.16791,445.07550999999995,180.90957,185.16925,444.97389000000004,181.27678999999998,185.36431000000002,440.14405999999997,181.27447,185.36308,False,False,None,0,0,0,17,0,1,0,0,True,0,0,2,0,0,3,2,0,0,0.0,0.0,0.0,-0.5465300000000001,-0.13058,False,-2.5991,-0.76667,105.6613,-0.96386,-0.9247299999999999,110.18756,-0.8859,-0.76771,105.69097,-2.67707,-0.9237,110.15789,-1.74236,-0.76667,105.6613,219,5.3999999999999995
RGB_P4_716296539.png,441.42565,183.42628,4.9669099999999995,4.56291,2,70.82126,438.9422,False,False,False,1.7,1.45,car,438.9422,181.14481999999998,185.52107,443.90910999999994,181.14718,185.52223,443.85193,181.51411000000002,185.70773,439.09083,181.51195,185.70668,True,False,None,0,0,0,16,0,1,0,0,True,0,0,2,0,0,3,2,0,0,0.0,0.0,0.0,-0.66037,-0.15835,False,-2.89228,-0.8285899999999999,102.83627,-1.32473,-0.98659,107.36151000000001,-1.24633,-0.82957,102.86493,-2.9706799999999998,-0.98562,107.33285,-2.06917,-0.8285899999999999,102.83666,219,5.46
RGB_P4_716237496.png,441.58241,183.38336999999999,4.91676,4.51969,2,70.82126,439.12403,False,False,False,1.7,1.45,car,439.12403,181.12351999999998,185.45563,444.04079,181.12587,185.45682,443.9825,181.49013,185.64321,439.2675,181.48797,185.64212,True,False,None,0,0,0,15,0,1,0,0,True,0,0,2,0,0,3,2,0,0,0.0,0.0,0.0,-0.64462,-0.07387,False,-2.862,-0.8285899999999999,103.89774,-1.29313,-0.98659,108.42251999999999,-1.21604,-0.82957,103.92593000000001,-2.93909,-0.98562,108.39433999999999,-2.0388900000000003,-0.8285899999999999,103.89789,219,5.52
RGB_P4_716179075.png,441.69793,183.34171,4.868130000000001,4.4777,2,70.82126,439.26387,False,False,False,1.7,1.45,car,439.26387,181.10286000000002,185.39215,444.13199999999995,181.1052,185.39336,444.07264000000004,181.46684,185.58057,439.40238,181.46469,185.57945,True,False,None,0,0,0,14,0,1,0,0,True,0,0,2,0,0,3,2,0,0,0.0,0.0,0.0,-0.63302,-0.00399,False,-2.84439,-0.8285899999999999,104.94823999999998,-1.27478,-0.98659,109.47277,-1.1984299999999999,-0.82957,104.97615,-2.9207400000000003,-0.98562,109.44485,-2.02128,-0.8285899999999999,104.94825,219,5.58
RGB_P4_716111353.png,442.67596,183.28975,4.80729,4.42528,2,70.82126,440.27232000000004,False,False,False,1.7,1.45,car,440.27232000000004,181.07711,185.31302,445.07960999999995,181.07943,185.31423999999998,444.9831,181.43778,185.50239,440.36886,181.43565,185.50127,False,False,None,0,0,0,13,0,1,0,0,True,0,0,2,0,0,3,2,0,0,0.0,0.0,0.0,-0.53478,0.08004,False,-2.53629,-0.8285899999999999,106.28738999999999,-0.9666100000000001,-0.98659,110.8119,-0.8903200000000001,-0.82957,106.31528,-2.6125700000000003,-0.98562,110.78401000000001,-1.71318,-0.8285899999999999,106.28738999999999,219,5.64
RGB_P4_716054173.png,442.56105999999994,182.88248000000002,5.12057,4.5876,2,72.35049000000001,440.00077000000005,False,False,False,1.7,1.45,car,440.00077000000005,180.58867,184.96631000000002,445.12134000000003,180.59131000000002,184.96775,445.02355,180.98137,185.17628,440.1152,180.97895,185.17495,True,False,None,0,0,0,12,0,1,0,0,True,0,0,2,0,0,3,2,0,0,0.0,0.0,0.0,-0.54632,0.05301,False,-2.54073,-0.64432,102.81618,-0.91924,-0.8023600000000001,107.3411,-0.8441700000000001,-0.6453300000000001,102.84447,-2.6158,-0.80135,107.31281000000001,-1.69233,-0.64432,102.81584000000001,219,5.7
RGB_P4_715997611.png,442.59702000000004,182.83864,5.06025,4.53655,2,72.35049000000001,440.0669,False,False,False,1.7,1.45,car,440.0669,180.57036000000002,184.89645,445.12715,180.57297,184.89788000000001,445.02905,180.95938,185.10692,440.17615,180.95698000000002,185.10558999999998,True,False,None,0,0,0,11,0,1,0,0,True,0,0,2,0,0,3,2,0,0,0.0,0.0,0.0,-0.54271,0.02257,False,-2.55015,-0.64432,104.05708,-0.9290700000000001,-0.8023600000000001,108.58215,-0.85359,-0.6453300000000001,104.08551999999999,-2.62563,-0.80135,108.55371000000001,-1.7017400000000003,-0.64432,104.05682,219,5.76
